{
   "total energy":         -14.62282987,
   "HOMO-LUMO gap/eV":           3.80671721,
   "electronic energy":         -14.70651466,
   "dipole": [    -1.63593302,    -0.00360394,    -0.00017693],
   "partial charges": [
       -0.13167143,
        0.56733518,
       -0.37085273,
       -0.37508684,
        0.10019061,
        0.10504367,
        0.10504154],
   "atomic dipole moments": [
   [     0.18313539,     0.01337396,     0.00065275],
   [     0.06526810,    -0.00070224,    -0.00002709],
   [    -0.12299478,     0.25030326,     0.01224699],
   [    -0.11742821,    -0.25562602,    -0.01250415],
   [    -0.04216142,    -0.13198574,    -0.00645842],
   [    -0.04623735,     0.07443115,    -0.10934403],
   [    -0.04623760,     0.06340123,     0.11608639]],
   "atomic quadrupole moments": [
   [     0.42681140,     0.00564580,    -0.18013209,     0.00027360,     0.00326377,    -0.24667931],
   [    -0.19881010,     0.00061823,    -0.06097917,     0.00003472,    -0.01573004,     0.25978927],
   [    -0.15611924,    -0.11291563,     0.02657532,    -0.00551780,    -0.00505026,     0.12954392],
   [    -0.16241208,     0.11043397,     0.03438397,     0.00540928,    -0.00459130,     0.12802811],
   [    -0.01289855,     0.02595198,     0.06103011,     0.00126986,     0.00535358,    -0.04813156],
   [    -0.01720904,    -0.00540654,    -0.00922448,     0.02361771,    -0.04998296,     0.02643352],
   [    -0.01720882,    -0.00307860,    -0.01859736,    -0.02403744,     0.04556618,     0.03580618]],
   "number of molecular orbitals": 19,
   "number of electrons": 24,
   "number of unpaired electrons": 0,
   "orbital energies/eV": [
      -21.44748450,
      -20.87457366,
      -19.43450197,
      -18.01636492,
      -17.30869358,
      -16.55794265,
      -16.33053798,
      -14.44121692,
      -14.39665423,
      -13.16638019,
      -12.61820460,
      -12.32820844,
       -8.52149122,
       -0.75747894,
        2.99586520,
        4.22904319,
        4.51090137,
        6.44064163,
       12.24329002],
   "fractional occupation": [
        2.00000000,
        2.00000000,
        2.00000000,
        2.00000000,
        2.00000000,
        2.00000000,
        2.00000000,
        2.00000000,
        2.00000000,
        2.00000000,
        2.00000000,
        2.00000000,
        0.00000000,
        0.00000000,
        0.00000000,
        0.00000000,
        0.00000000,
        0.00000000,
        0.00000000],
   "program call": "xtb nitromethane.xyz --opt --json --gfn 2",
   "method": "GFN2-xTB",
   "xtb version": "6.6.1 (unknown)"
}
