{
   "total energy":          -5.51361844,
   "HOMO-LUMO gap/eV":           0.03065294,
   "electronic energy":          -6.25155043,
   "dipole": [    -0.00000034,    -0.67763639,     0.00000000],
   "partial charges": [
        0.06982138,
        0.06982136,
       -0.13964274],
   "atomic dipole moments": [
   [    -0.08719475,     0.12797760,    -0.00000000],
   [     0.08719474,     0.12797759,     0.00000000],
   [    -0.00000002,    -0.66962229,     0.00000000]],
   "atomic quadrupole moments": [
   [    -0.23198575,     0.27527626,    -0.19394892,    -0.00000000,     0.00000000,     0.42593467],
   [    -0.23198577,    -0.27527626,    -0.19394891,     0.00000000,     0.00000000,     0.42593468],
   [    -0.30450640,    -0.00000002,    -0.41562801,     0.00000000,    -0.00000000,     0.72013440]],
   "number of molecular orbitals": 12,
   "number of electrons": 12,
   "number of unpaired electrons": 0,
   "orbital energies/eV": [
      -20.31412059,
      -16.45939429,
      -15.88984992,
      -15.72246270,
       -9.91554260,
       -9.53068178,
       -9.50002884,
       -4.96657171,
       -3.19991563,
       12.36932600,
       44.71842914,
       79.31941970],
   "fractional occupation": [
        2.00000000,
        2.00000000,
        2.00000000,
        2.00000000,
        1.99999962,
        1.28804003,
        0.71196035,
        0.00000000,
        0.00000000,
        0.00000000,
        0.00000000,
        0.00000000],
   "program call": "xtb test.xyz --scc --gfn 2 --json",
   "method": "GFN2-xTB",
   "xtb version": "6.6.1 (8d0f1dd)"
}
