{
  "file_preview": "7\nnitromethane\nC     1.04361    0.07607    0.06679\nN     2.53098    0.09004    0.06747\nO     3.10815   -1.00232    0.01403\nO     3.07772    1.19810    0.12168\nH     0.69936   -0.95911    0.01614\nH     0.71023    0.63720   -0.80853\nH     0.71023    0.54907    0.99270\n",
  "success": true,
  "xtb_json": {
    "HOMO-LUMO gap/eV": 3.80671721,
    "atomic dipole moments": [
      [
        0.18313539,
        0.01337396,
        0.00065275
      ],
      [
        0.06526811,
        -0.00070224,
        -2.709e-05
      ],
      [
        -0.12299478,
        0.25030326,
        0.01224699
      ],
      [
        -0.11742821,
        -0.25562602,
        -0.01250415
      ],
      [
        -0.04216142,
        -0.13198574,
        -0.00645842
      ],
      [
        -0.04623735,
        0.07443115,
        -0.10934403
      ],
      [
        -0.0462376,
        0.06340123,
        0.11608639
      ]
    ],
    "atomic quadrupole moments": [
      [
        0.4268114,
        0.0056458,
        -0.18013209,
        0.0002736,
        0.00326377,
        -0.24667931
      ],
      [
        -0.1988101,
        0.00061823,
        -0.06097917,
        3.472e-05,
        -0.01573004,
        0.25978927
      ],
      [
        -0.15611924,
        -0.11291563,
        0.02657532,
        -0.0055178,
        -0.00505026,
        0.12954392
      ],
      [
        -0.16241208,
        0.11043397,
        0.03438397,
        0.00540928,
        -0.0045913,
        0.12802811
      ],
      [
        -0.01289855,
        0.02595198,
        0.06103011,
        0.00126986,
        0.00535358,
        -0.04813156
      ],
      [
        -0.01720904,
        -0.00540654,
        -0.00922448,
        0.02361771,
        -0.04998296,
        0.02643352
      ],
      [
        -0.01720882,
        -0.0030786,
        -0.01859736,
        -0.02403744,
        0.04556618,
        0.03580617
      ]
    ],
    "dipole": [
      -1.63593302,
      -0.00360394,
      -0.00017693
    ],
    "electronic energy": -14.70651466,
    "fractional occupation": [
      2.0,
      2.0,
      2.0,
      2.0,
      2.0,
      2.0,
      2.0,
      2.0,
      2.0,
      2.0,
      2.0,
      2.0,
      0.0,
      0.0,
      0.0,
      0.0,
      0.0,
      0.0,
      0.0
    ],
    "method": "GFN2-xTB",
    "number of electrons": 24,
    "number of molecular orbitals": 19,
    "number of unpaired electrons": 0,
    "orbital energies/eV": [
      -21.4474845,
      -20.87457367,
      -19.43450197,
      -18.01636492,
      -17.30869358,
      -16.55794265,
      -16.33053798,
      -14.44121692,
      -14.39665423,
      -13.16638019,
      -12.6182046,
      -12.32820843,
      -8.52149122,
      -0.75747895,
      2.99586519,
      4.22904317,
      4.51090139,
      6.44064164,
      12.24329004
    ],
    "partial charges": [
      -0.13167143,
      0.56733518,
      -0.37085273,
      -0.37508684,
      0.10019061,
      0.10504367,
      0.10504154
    ],
    "program call": "xtb /tmp/tmpfa2h_8ez/molecule.xyz --opt --json --gfn 2",
    "total energy": -14.62282987,
    "xtb version": "6.5.1 (579679afd673b20e6dc6e238ecc19db70941731f)"
  }
}